DepartmentAbbreviation,CourseNumber,CourseName,Type,Section,Time,Day,Location,Instructor
AAS,100,Intro Asian American Studies,Discussion/ Recitation,AD1,09:00AM - 09:50AM,F,242 Bevier Hall,"Lee, S&Zheng, R"
AAS,100,Intro Asian American Studies,Discussion/ Recitation,AD2,10:00AM - 10:50AM,F,317 David Kinley Hall,"Lee, S&Shin, J"
AAS,100,Intro Asian American Studies,Discussion/ Recitation,AD3,11:00AM - 11:50AM,F,317 David Kinley Hall,"Lee, S&Shin, J"
AAS,100,Intro Asian American Studies,Discussion/ Recitation,AD4,12:00PM - 12:50PM,F,242 Bevier Hall,"Lee, S"
AAS,100,Intro Asian American Studies,Discussion/ Recitation,AD5,01:00PM - 01:50PM,F,212 Davenport Hall,"Lee, S&Wang, Y"
AAS,100,Intro Asian American Studies,Discussion/ Recitation,AD6,02:00PM - 02:50PM,F,214 Davenport Hall,"Lee, S&Wang, Y"
AAS,100,Intro Asian American Studies,Discussion/ Recitation,AD7,10:00AM - 10:50AM,F,242 Bevier Hall,"Lee, S&Zheng, R"
AAS,100,Intro Asian American Studies,Discussion/ Recitation,AD8,11:00AM - 11:50AM,F,242 Bevier Hall,"Lee, S"
AAS,100,Intro Asian American Studies,Discussion/ Recitation,AD9,01:00PM - 01:50PM,F,242 Bevier Hall,"Lee, S&Mukhopadhyay, A"
AAS,100,Intro Asian American Studies,Discussion/ Recitation,ADA,02:00PM - 02:50PM,F,242 Bevier Hall,"Lee, S&Mukhopadhyay, A"
AAS,100,Intro Asian American Studies,Lecture,AL1,10:00AM - 10:50AM,MW,112 Gregory Hall,"Lee, S"
AAS,200,U.S. Race and Empire,Lecture-Discussion,A,02:00PM - 03:20PM,TR,322 David Kinley Hall,"Sawada, E"
AAS,201,US Racial & Ethnic Politics,Online,OL1,ARRANGED,n.a.,n.a.,
AAS,201,US Racial & Ethnic Politics,Online,OL2,ARRANGED,n.a.,n.a.,
AAS,215,US Citizenship Comparatively,Lecture-Discussion,A,12:00PM - 01:20PM,MW,219 David Kinley Hall,"Kwon, S"
AAS,282,Feminist and Queer Activisms,Lecture-Discussion,MN,02:00PM - 03:20PM,TR,221 Gregory Hall,"McCarthy, D"
AAS,283,Asian American History,Discussion/ Recitation,AD1,02:00PM - 02:50PM,F,212 Davenport Hall,"Espiritu, A&Lan, Y"
AAS,283,Asian American History,Discussion/ Recitation,AD2,10:00AM - 10:50AM,F,132 Davenport Hall,"Espiritu, A&Lan, Y"
AAS,283,Asian American History,Discussion/ Recitation,AD3,03:00PM - 03:50PM,W,G30 Foreign Languages Building,"Espiritu, A"
AAS,283,Asian American History,Discussion/ Recitation,AD4,01:00PM - 01:50PM,F,336 Davenport Hall,"Espiritu, A&Lan, Y"
AAS,283,Asian American History,Lecture,AL1,02:00PM - 02:50PM,MW,1310 Digital Computer Laboratory,"Espiritu, A"
AAS,286,Asian American Literature,Lecture-Discussion,P,11:00AM - 12:15PM,TR,150 English Building,
AAS,297,Asian Families in America,Lecture-Discussion,A,05:15PM - 06:30PM,MW,132 Bevier Hall,"Balgopal, A"
AAS,297,Asian Families in America,Lecture-Discussion,B,09:30AM - 10:45AM,TR,302 Architecture Building,"Chih, D"
AAS,299,Begin Topics Asian Am Studies,Lecture-Discussion,DM,11:00AM - 12:20PM,TR,Location Pending,"McCarthy, D"
AAS,310,Race and Cultural Diversity,Discussion/ Recitation,D1,02:00PM - 03:50PM,R,17 Education Building,"Moton, T"
AAS,310,Race and Cultural Diversity,Discussion/ Recitation,D2,02:00PM - 03:50PM,R,42A Education Building,"Moton, T"
AAS,310,Race and Cultural Diversity,Lecture,L,02:00PM - 03:50PM,T,22 Education Building,"Moton, T"
AAS,355,Race and Mixed Race,Lecture-Discussion,A,02:00PM - 04:20PM,M,1038 Campus Instructional Facility,"Ramirez, C"
AAS,357,Literatures of the Displaced,Lecture-Discussion,A,10:30AM - 11:50AM,MW,162 Noyes Laboratory,"Lule, L"
AAS,464,Theories & Theologies of Liberation,Lecture-Discussion,MKG,11:00AM - 01:50PM,T,162 Noyes Laboratory,"Kashani, M"
AAS,464,Theories & Theologies of Liberation,Lecture-Discussion,MKU,11:00AM - 01:50PM,T,162 Noyes Laboratory,"Kashani, M"
AAS,465,"Race, Sex, and Deviance",Lecture-Discussion,G,03:00PM - 05:50PM,M,103 1207 W Oregon,"Flores, N"
AAS,465,"Race, Sex, and Deviance",Lecture-Discussion,U,03:00PM - 05:50PM,M,103 1207 W Oregon,"Flores, N"
AAS,479,"Race, Medicine, and Society",Lecture-Discussion,G,12:00PM - 02:20PM,W,103 1207 W Oregon,"Lira, N"
AAS,479,"Race, Medicine, and Society",Lecture-Discussion,U,12:00PM - 02:20PM,W,103 1207 W Oregon,"Lira, N"
AAS,539,"Youth, Culture and Society",Lecture-Discussion,A,02:00PM - 04:50PM,W,312 Davenport Hall,"Kwon, S"
